SNP_ID	CHR	POS	REF	ALT	BETA	SE	P
rs11190140	10	101291593	T	C	-0.0016	0.0233	0.9422
rs11195128	10	112186148	C	T	-0.0049	0.0247	0.8415
rs3814231	10	115481018	C	T	7e-04	0.0261	0.9782
rs3793910	10	131562993	G	T	-0.01	0.0421	0.7975
rs10829131	10	27177245	A	G	0.0284	0.035	0.4136
rs11008080	10	30802799	A	C	0.0069	0.0246	0.7694
rs722988	10	33426147	T	C	-0.0287	0.0251	0.26
rs4934533	10	35359619	A	G	0.0197	0.0243	0.4151
rs2247911	10	59893930	C	T	1e-04	0.024	0.9981
rs1107345	10	6087295	G	T	0.0447	0.0265	0.09275
rs7072793	10	6106266	T	C	0.0459	0.0231	0.04698
rs7073236	10	6106552	T	C	0.0453	0.0231	0.05034
rs4147359	10	6108439	G	A	0.0349	0.0236	0.139
rs7090530	10	6110875	C	A	0.0456	0.0248	0.06562
rs11593907	10	63786554	T	C	-0.0038	0.0294	0.8874
rs10740059	10	63809527	G	A	0.007	0.0231	0.7612
rs10796045	10	6402741	G	T	-0.0051	0.0301	0.8645
rs10995239	10	64388365	A	G	-0.0019	0.0247	0.9276
rs10995250	10	64396921	G	A	-0.0045	0.0242	0.8348
rs2242258	10	75607168	T	C	0.0011	0.0239	0.9624
rs2633322	10	75693932	T	C	-0.0056	0.0237	0.8129
rs1250539	10	81037229	G	A	-0.0069	0.0236	0.7709
rs570613	10	8106502	C	T	-0.0412	0.0238	0.08302
rs11185982	10	82305627	T	C	-0.0049	0.0356	0.8935
rs10905371	10	8480044	A	G	0.0095	0.0239	0.7003
rs7096374	10	8484113	C	T	0.0088	0.024	0.7218
rs2197415	10	9062856	T	G	0.0097	0.0256	0.7032
rs7923837	10	94481917	G	A	-0.0546	0.0238	0.02173
rs11215037	11	114403674	G	A	-0.0031	0.0238	0.9045
rs513152	11	114441123	T	C	-0.0031	0.0238	0.9053
rs10892286	11	118642085	A	C	0.0211	0.0282	0.4299
rs715412	11	118684610	G	A	0.0167	0.0282	0.5261
rs4938573	11	118741842	C	T	-0.0145	0.0314	0.635
rs6421571	11	118743772	T	C	-0.0118	0.0313	0.6971
rs7941030	11	122522375	T	C	-0.0268	0.0239	0.2618
rs11221335	11	128385906	T	C	0.0311	0.0282	0.2703
rs4936059	11	128502496	A	G	-0.0319	0.0245	0.1957
rs626816	11	128619775	G	A	0.023	0.0235	0.3229
rs631647	11	128628935	C	T	-0.006	0.0233	0.7955
rs10840606	11	2234690	A	G	-0.0145	0.0292	0.6226
rs2785197	11	35093070	A	G	0.0201	0.0233	0.388
rs736374	11	35266944	G	A	-0.014	0.0244	0.5672
rs1570214	11	35289819	A	G	-0.0041	0.0242	0.8668
rs3763888	11	35307148	T	C	-0.0031	0.0241	0.8992
rs11229519	11	58310587	C	T	0.0053	0.0266	0.8327
rs936469	11	606749	G	A	0.0086	0.0318	0.7787
rs650258	11	60832282	T	C	0.0266	0.0266	0.333
rs174537	11	61552680	G	T	0.0117	0.0236	0.6148
rs102275	11	61557803	T	C	0.0131	0.0236	0.5753
rs968567	11	61595564	C	T	-0.0035	0.0369	0.9503
rs174611	11	61627881	T	C	-7e-04	0.0271	0.9984
rs2246614	11	619789	T	G	0.0185	0.0254	0.472
rs694739	11	64097233	A	G	-0.0409	0.0239	0.08638
rs538147	11	64129722	G	A	-0.0501	0.0233	0.03193
rs7130588	11	76270683	A	G	-0.0511	0.026	0.04829
rs1847134	11	89005253	A	C	0.0275	0.0251	0.272
rs2164521	11	89209985	G	A	-0.0273	0.0288	0.3447
rs4409785	11	95311422	T	C	-0.0214	0.0306	0.4832
rs543104	11	96025709	G	A	-0.0098	0.0281	0.7269
rs991817	12	111410537	A	G	-0.0821	0.0234	0.0004586
rs11065987	12	112072424	A	G	0.1015	0.0238	1.907e-05
rs11066188	12	112610714	G	A	0.0987	0.0239	3.329e-05
rs11066320	12	112906415	A	G	-0.0976	0.0236	3.376e-05
rs625228	12	121278266	G	A	-0.027	0.0235	0.2517
rs7961554	12	121400244	A	C	-0.0206	0.0246	0.4053
rs11059910	12	129271719	G	A	0.0335	0.0437	0.4413
rs1025922	12	27625557	A	G	0.0157	0.0541	0.7636
rs1820544	12	40793993	C	T	0.0146	0.0237	0.5379
rs2701129	12	52429477	T	G	0.0228	0.0395	0.5993
rs10876864	12	56401085	G	A	-0.0117	0.0235	0.6192
rs1701704	12	56412487	T	G	0.0393	0.0252	0.118
rs703817	12	57489828	C	T	-0.0033	0.0234	0.8859
rs774890	12	58068388	C	T	-0.0159	0.0243	0.5245
rs7134599	12	68500075	G	A	0.0246	0.0249	0.3286
rs2603088	12	69776299	A	G	-0.0265	0.0266	0.3271
rs10466829	12	9876091	G	A	0.0168	0.0235	0.4627
rs17085007	13	27531267	T	C	-0.022	0.0306	0.4782
rs3858762	13	27545396	A	G	0.0088	0.0267	0.7436
rs12875311	13	40342557	G	A	-0.0207	0.024	0.3881
rs7993214	13	40350912	T	C	0.0199	0.024	0.406
rs9594746	13	42989660	T	C	0.0488	0.0239	0.04247
rs912425	13	42997324	G	A	0.0044	0.0302	0.8737
rs2121037	13	44471317	C	T	-0.0027	0.0329	0.9474
rs9546536	13	84447034	A	C	0.0366	0.0306	0.2415
rs9593835	13	84448852	T	C	0.0362	0.0303	0.2412
rs9546538	13	84456735	T	C	0.0386	0.0305	0.2143
rs8015918	14	103942991	A	G	0.0054	0.025	0.822
rs3742458	14	103950368	A	G	0.0057	0.025	0.8128
rs8021297	14	22905065	T	C	0.0196	0.0235	0.4034
rs8192917	14	25102160	C	T	-0.0358	0.0297	0.2239
rs2273844	14	25103414	G	A	0.0368	0.0296	0.2108
rs4902647	14	69254191	C	T	0.0021	0.0236	0.937
rs4899263	14	69285264	G	A	0.0125	0.0234	0.6057
rs8013918	14	75709566	T	C	-0.0161	0.0236	0.4824
rs2300603	14	76005557	T	C	-0.067	0.0282	0.01703
rs2300605	14	76010981	T	C	-0.0661	0.0279	0.01762
rs2301123	14	88419358	T	C	0.0276	0.0463	0.5446
rs3742704	14	88477882	A	C	-0.0113	0.0432	0.7918
rs10150214	14	88497451	T	G	0.0255	0.0469	0.5833
rs8035957	15	38838264	T	C	0.0046	0.0255	0.8568
rs10851403	15	41466087	T	G	-0.0164	0.0269	0.5473
rs11071559	15	61069988	C	T	-0.0428	0.0324	0.1887
rs17740623	15	63056538	C	A	0.0132	0.0298	0.6574
rs16950687	15	67464013	A	G	0.001	0.0263	0.9591
rs8026898	15	69991417	G	A	0.0012	0.026	0.9715
rs4777183	15	70004775	C	T	-0.0062	0.0235	0.7901
rs10152591	15	70048157	A	C	-0.0378	0.0476	0.4146
rs2870085	15	79234268	T	C	0.0234	0.024	0.333
rs1369324	15	79239719	A	G	0.0278	0.0244	0.2554
rs3826007	15	80263217	C	T	0.0118	0.0277	0.6685
rs1138358	15	80263345	A	C	0.0133	0.0277	0.6294
rs1317060	15	81406415	T	C	-0.0015	0.0236	0.9491
rs2744148	16	1073552	A	G	0.0225	0.0385	0.5597
rs725613	16	11169683	T	G	0.0093	0.0244	0.6827
rs2041670	16	11174652	G	A	0.0141	0.025	0.556
rs12924729	16	11187783	G	A	0.0067	0.0249	0.7698
rs12103174	16	11203730	A	G	-0.0025	0.0239	0.9208
rs17673553	16	11241906	A	G	-0.0118	0.0281	0.6742
rs7195296	16	11749774	A	C	0.0205	0.0268	0.4545
rs17606153	16	11794895	C	T	0.0523	0.0232	0.02421
rs1592572	16	11810382	T	C	0.0449	0.0234	0.05527
rs7200798	16	23853860	G	A	0.0022	0.0241	0.9328
rs8052258	16	28304997	T	C	-0.0269	0.0233	0.25
rs2650492	16	28333411	G	A	0.0616	0.0259	0.01758
rs2285459	16	30495412	T	C	-0.0502	0.0239	0.03554
rs1143678	16	31343005	C	T	0.0416	0.0347	0.2294
rs735830	16	3695354	G	A	0.0243	0.0308	0.4325
rs7194886	16	50725193	C	T	0.026	0.0232	0.2639
rs2357934	16	50917845	G	A	-0.019	0.0321	0.5595
rs591940	16	57368178	G	A	0.0287	0.0242	0.2355
rs223881	16	57386566	T	C	0.0044	0.0308	0.8861
rs1182968	16	68573945	C	T	-0.0544	0.0309	0.08012
rs1170426	16	68603798	C	T	-0.0441	0.0311	0.1582
rs6499188	16	68674788	G	A	-0.015	0.0279	0.5929
rs3764310	16	72048332	T	C	0.0336	0.0252	0.1795
rs7202877	16	75247245	T	G	0.0172	0.0342	0.6141
rs4074445	16	81889882	A	C	-0.0347	0.04	0.3877
rs4299147	16	82883338	T	C	0.0113	0.0244	0.645
rs7202472	16	85977502	G	T	0.0148	0.0264	0.5849
rs2945412	17	25843643	G	A	-0.0118	0.024	0.6243
rs1024611	17	32579788	A	G	0.0038	0.0249	0.8782
rs991804	17	32587725	C	T	0.0031	0.0249	0.9003
rs8067378	17	38051348	A	G	0.0031	0.0235	0.8985
rs2305480	17	38062196	G	A	0.0209	0.0234	0.3713
rs7216389	17	38069949	C	T	-0.006	0.0235	0.8011
rs1358175	17	38757789	C	T	0.0054	0.024	0.8244
rs757411	17	38775150	C	T	0.0099	0.024	0.6794
rs1122326	17	40274873	A	C	-0.0031	0.0269	0.9193
rs12325861	17	40289412	T	C	0.0053	0.0282	0.8345
rs12603327	17	40290552	T	C	-3e-04	0.0266	0.9992
rs7214921	17	40294025	T	C	-2e-04	0.0266	0.9958
rs6503695	17	40499533	T	C	-0.0246	0.0249	0.3287
rs9891119	17	40507980	A	C	0.0033	0.0238	0.8898
rs16947546	17	47324353	T	C	0.0141	0.0273	0.6064
rs3853824	17	54880993	T	C	-0.0035	0.0233	0.8803
rs1879145	17	54902055	A	G	-0.0064	0.0235	0.7843
rs1292034	17	57989860	G	A	0.0043	0.0235	0.8419
rs180515	17	58024275	A	G	-0.0247	0.0247	0.3105
rs7210086	17	70641698	A	C	-0.0221	0.0315	0.4857
rs7214193	17	70641865	A	G	-0.0056	0.0299	0.8546
rs959260	17	73369422	C	T	-0.0114	0.0366	0.7503
rs1893217	18	12809340	A	G	0.064	0.0324	0.04817
rs657555	18	12847136	C	T	-0.075	0.0311	0.01566
rs16950548	18	46987640	C	T	-0.0665	0.057	0.2445
rs12456021	18	56213390	G	A	0.0306	0.0279	0.2816
rs7238078	18	56384192	T	G	0.0019	0.0288	0.9471
rs4545915	18	56422868	A	G	-0.0021	0.0289	0.9415
rs8083511	18	60028655	A	C	0.0255	0.0281	0.3652
rs4891781	18	67524646	G	T	-0.0021	0.0247	0.9283
rs727088	18	67530439	G	A	-0.0099	0.0236	0.6781
rs763361	18	67531642	T	C	-0.0186	0.0233	0.4261
rs1790588	18	67535184	T	C	0.0186	0.0235	0.4312
rs1788103	18	67538824	A	G	0.018	0.0235	0.4452
rs3181049	19	10441117	G	A	0.0362	0.0341	0.2983
rs1051738	19	10577843	C	A	-0.054	0.0348	0.1209
rs11878377	19	10965270	C	T	-0.0645	0.0252	0.01055
rs1549926	19	11002862	A	C	-0.0652	0.0252	0.00965
rs2024092	19	1124031	G	A	0.03	0.0274	0.2744
rs887898	19	15539439	A	G	-0.0231	0.028	0.4099
rs874628	19	18304700	A	G	0.0228	0.0264	0.3897
rs736289	19	33757062	T	C	-0.0154	0.0236	0.5139
rs538649	19	37412887	T	C	-0.0413	0.0232	0.07425
rs10421415	19	37483444	T	C	-0.032	0.0232	0.1682
rs935706	19	37487632	G	A	-0.032	0.0232	0.1682
rs7255066	19	45146103	T	C	0.0337	0.027	0.2122
rs4802307	19	46849806	G	T	0.0291	0.0276	0.2974
rs425105	19	47208481	T	C	0.0039	0.0306	0.8987
rs160544	19	47234885	G	A	0.0219	0.0335	0.5125
rs6510827	19	4830628	T	C	-0.0182	0.0242	0.4532
rs676388	19	49211969	T	C	-0.02	0.0235	0.3945
rs17771967	19	55380214	A	G	0.0095	0.0235	0.6736
rs1077667	19	6668972	C	T	-0.0104	0.0251	0.6787
rs7541397	1	101322866	A	G	-0.0499	0.0291	0.08615
rs11581062	1	101407519	A	G	-0.0509	0.0292	0.08035
rs17021444	1	104893852	T	C	-0.0188	0.0294	0.5292
rs2476601	1	114377568	A	G	-0.0941	0.0328	0.004108
rs624988	1	117263790	T	C	-0.0439	0.0246	0.07434
rs12405671	1	117263868	G	A	0.0408	0.0274	0.1359
rs949969	1	151792814	G	A	-0.0462	0.0331	0.1633
rs11204894	1	151793174	G	T	0.0063	0.026	0.809
rs11265608	1	154364140	G	A	-0.0321	0.0337	0.342
rs4072037	1	155162067	C	T	-0.0394	0.0236	0.09516
rs12724079	1	155433942	T	C	0.0174	0.0242	0.4745
rs7522061	1	157668390	T	C	3e-04	0.0234	0.9926
rs751258	1	158668378	C	A	0.0178	0.0232	0.4383
rs857703	1	158687224	G	A	0.024	0.0232	0.2938
rs703143	1	158694208	G	A	0.0246	0.0233	0.2837
rs2592900	1	159616629	A	G	-0.0212	0.0252	0.4044
rs10494343	1	160402539	T	C	-0.0314	0.0275	0.2655
rs955371	1	160835583	C	T	-0.0148	0.0291	0.6085
rs10800309	1	161472158	A	G	-0.008	0.0244	0.7415
rs1801274	1	161479745	A	G	-0.0257	0.0233	0.2731
rs864537	1	167411384	A	G	-0.0317	0.0252	0.207
rs2056626	1	167420425	T	G	-0.0493	0.0261	0.0586
rs10798176	1	172675525	T	C	-0.0056	0.0315	0.8648
rs9286879	1	172862234	A	G	9e-04	0.026	0.9696
rs704840	1	173226195	T	G	-0.0108	0.0257	0.6799
rs2240335	1	17674537	C	A	-0.0174	0.0252	0.4882
rs12146097	1	183329261	C	T	0.0175	0.0348	0.615
rs977004	1	185344764	A	G	0.006	0.0238	0.7962
rs2816316	1	192536813	C	A	-0.0171	0.0337	0.6133
rs1323292	1	192541021	G	A	-0.0186	0.0338	0.5813
rs16841842	1	197611682	C	A	-0.0309	0.0321	0.3376
rs2488389	1	197631141	G	A	-0.0313	0.0321	0.3316
rs12092948	1	197689967	T	C	-0.0404	0.0279	0.148
rs1539414	1	197743506	G	A	-0.0301	0.0334	0.3717
rs2359952	1	198656407	A	G	0.0012	0.0256	0.9627
rs2737682	1	200092352	A	G	-0.0106	0.0367	0.7724
rs2737685	1	200093351	C	T	-0.0131	0.0367	0.7214
rs2821337	1	200097743	A	G	-0.0188	0.0369	0.6086
rs1473688	1	20087406	A	G	0.0271	0.0245	0.2689
rs1546416	1	201009556	A	G	0.0075	0.0247	0.7594
rs3767498	1	201020727	A	G	-0.0409	0.0268	0.1278
rs6426833	1	20171860	G	A	0.0088	0.0234	0.7071
rs12145973	1	206994725	C	T	0.0015	0.0312	0.9641
rs2013162	1	209968684	C	A	0.0359	0.0239	0.1337
rs2174780	1	212919407	G	A	-0.054	0.0512	0.2828
rs12568930	1	22702231	T	C	-0.0341	0.0397	0.3658
rs734999	1	2513216	C	T	0.0163	0.0235	0.4878
rs3748816	1	2526746	A	G	0.0077	0.024	0.7476
rs6690896	1	25305607	G	A	0.0232	0.0252	0.3517
rs4648356	1	2709164	C	A	0.0062	0.0242	0.7979
rs3738676	1	39991588	G	T	0.0041	0.0247	0.8614
rs12122754	1	4698559	C	T	-0.0115	0.0294	0.6705
rs7517847	1	67681669	T	G	0.0248	0.0234	0.2884
rs11209026	1	67705958	G	A	0.0156	0.0544	0.8004
rs3790565	1	67811356	C	T	0.0256	0.037	0.484
rs2651244	1	70995562	G	A	-0.0088	0.0236	0.7076
rs7523335	1	8180210	G	A	-0.0211	0.0262	0.4174
rs2661868	1	8469789	C	T	-0.0332	0.0307	0.2772
rs11810217	1	93148377	C	T	8e-04	0.0268	0.9766
rs12746893	1	93210876	T	C	9e-04	0.0268	0.9758
rs991360	20	14650357	G	A	-0.0598	0.0259	0.02079
rs11087101	20	14658870	G	T	-0.0569	0.0259	0.02802
rs1041606	20	14677788	C	T	-0.0468	0.0271	0.08485
rs1535883	20	1612819	A	G	-0.0241	0.0252	0.341
rs1535253	20	19682909	T	C	0.0141	0.0238	0.5578
rs844813	20	23078996	C	T	-0.0443	0.0301	0.1355
rs844834	20	23086504	T	C	-0.0501	0.0303	0.09545
rs6073450	20	43086648	G	A	0.0204	0.0236	0.3869
rs1983	20	43123028	G	A	-0.0314	0.0236	0.183
rs4810482	20	44634550	T	C	0.0087	0.0237	0.7222
rs718050	20	49196930	A	G	-0.0255	0.0244	0.2964
rs2248359	20	52791518	C	T	0.0135	0.0244	0.5806
rs259964	20	57824309	A	G	0.0069	0.0239	0.7742
rs259956	20	57829301	T	C	0.007	0.0238	0.7695
rs11700048	20	6085006	T	C	-0.047	0.0303	0.1216
rs2822767	21	15923039	A	G	0.0041	0.0232	0.8605
rs1736161	21	16833222	G	A	4e-04	0.0239	0.9854
rs9976971	21	34768097	A	G	0.0282	0.0236	0.232
rs9808753	21	34787312	A	G	0.0372	0.0301	0.2181
rs2834512	21	35911599	G	A	0.0057	0.0341	0.8669
rs2836878	21	40465534	G	A	-0.0484	0.0277	0.08101
rs3788013	21	43841328	C	A	0.0319	0.0246	0.1948
rs2839511	21	43848521	G	A	0.031	0.0316	0.3264
rs5754217	22	21939675	G	T	0.0311	0.0247	0.209
rs4821112	22	21964761	G	A	0.0333	0.0247	0.1792
rs2298428	22	21982892	C	T	0.0374	0.0254	0.1426
rs2412971	22	30494371	G	A	0.0043	0.0236	0.854
rs138794	22	35733654	G	A	-3e-04	0.0235	0.9915
rs2072711	22	37268555	A	G	0.0416	0.0319	0.1938
rs929022	22	37553725	A	C	0.0276	0.0254	0.2733
rs229527	22	37581485	C	A	-0.0344	0.0242	0.1498
rs2413583	22	39659773	C	T	-0.0611	0.0362	0.09044
rs1569498	22	39714704	C	T	0.0583	0.0254	0.02198
rs137685	22	39739628	C	T	-0.0206	0.0236	0.3833
rs132905	22	41799106	C	A	0.0223	0.0271	0.4089
rs202654	22	41841034	G	A	0.0389	0.0266	0.144
rs9611613	22	41961831	T	C	-0.036	0.0268	0.1791
rs6971	22	43558926	A	G	-0.0397	0.0247	0.1074
rs2118280	2	100746395	G	A	0.0324	0.0251	0.1981
rs2009094	2	100765077	G	A	0.0284	0.0252	0.26
rs1160542	2	100832155	G	A	-0.0044	0.0234	0.8632
rs11685424	2	102926981	G	A	-0.0472	0.0232	0.03962
rs13431828	2	102954653	C	T	-0.0156	0.0313	0.6187
rs1420101	2	102957716	C	T	-0.0488	0.0248	0.04818
rs3771166	2	102986222	G	A	0.0114	0.0237	0.6331
rs917997	2	103070568	T	C	-0.0413	0.029	0.1497
rs13405741	2	111913056	T	C	-0.0425	0.0412	0.3032
rs6749633	2	111988016	G	A	0.0064	0.0266	0.8238
rs12373588	2	112466265	T	G	-0.001	0.0239	0.9689
rs7605443	2	112473872	C	T	0.0084	0.0234	0.7252
rs1534422	2	12640741	G	A	0.0315	0.0235	0.1814
rs1534428	2	12643443	C	T	0.0339	0.0238	0.1544
rs7603516	2	145504693	T	G	-0.0052	0.0426	0.9034
rs2111485	2	163110536	A	G	-0.0041	0.0234	0.8614
rs1990760	2	163124051	C	T	-0.0027	0.0236	0.9086
rs13010713	2	181996045	A	G	-0.0162	0.0232	0.4789
rs6740847	2	182308352	A	G	-0.0281	0.0242	0.2433
rs13422838	2	187502846	T	C	-0.0389	0.0463	0.4022
rs2286896	2	191535576	T	C	0.0088	0.0367	0.8097
rs10931468	2	191538562	C	A	0.0266	0.0374	0.4766
rs4853516	2	191553931	A	G	0.0194	0.0267	0.4674
rs10168266	2	191935804	C	T	0.0475	0.0291	0.1023
rs7574865	2	191964633	T	G	-0.0393	0.0282	0.1635
rs10196612	2	198894139	T	C	-0.011	0.0236	0.6406
rs4602161	2	199812578	A	C	0.0197	0.0245	0.4187
rs6714524	2	199827472	T	C	0.002	0.0244	0.9356
rs3916066	2	199887785	G	A	0.0155	0.0245	0.5239
rs231804	2	204708646	C	T	0.0418	0.0252	0.09493
rs3768790	2	213920917	G	A	-0.0275	0.0389	0.4882
rs4674257	2	218988774	A	G	0.0081	0.0234	0.7363
rs4674259	2	218991005	G	A	0.0081	0.0234	0.7369
rs10933018	2	224669429	T	G	0.0258	0.0249	0.3089
rs4673077	2	224695232	A	G	0.0196	0.0236	0.4114
rs12614514	2	228651032	G	A	0.0211	0.0634	0.7343
rs10201872	2	231106724	C	T	0.0424	0.0387	0.2747
rs9989899	2	231114131	G	A	0.0452	0.0355	0.2029
rs2289472	2	234182240	C	T	-0.0199	0.0234	0.3921
rs2241880	2	234183368	A	G	-0.0199	0.0234	0.3921
rs3792109	2	234184417	G	A	-0.0229	0.0234	0.324
rs4676403	2	241583676	A	G	-0.0032	0.0265	0.9004
rs6752378	2	25150116	C	A	-0.0484	0.0235	0.03951
rs10182181	2	25150296	A	G	-0.0483	0.0235	0.03991
rs1077492	2	25286435	C	T	0.039	0.0238	0.1021
rs1260326	2	27730940	T	C	0.003	0.0242	0.9017
rs1039823	2	28623159	G	A	-0.002	0.0235	0.9332
rs1355208	2	30445322	A	G	0.0121	0.0236	0.6097
rs906868	2	30448344	G	T	0.0186	0.0235	0.4288
rs12474030	2	43812317	G	A	-0.0257	0.0433	0.5519
rs17031095	2	43819139	A	G	-0.0205	0.0434	0.6352
rs12467420	2	43831150	G	A	-0.0285	0.0434	0.5097
rs6717574	2	55821846	A	G	-0.0529	0.0634	0.413
rs10496044	2	55887749	T	G	-0.0363	0.0626	0.5749
rs13014803	2	61167216	T	C	-0.0274	0.0284	0.3461
rs13003464	2	61186829	A	G	0.053	0.0242	0.02915
rs1194849	2	65606653	T	C	0.0052	0.0238	0.8249
rs268134	2	65608363	A	G	0.0096	0.0249	0.7031
rs1876518	2	65608909	C	T	0.0052	0.0238	0.8249
rs2576923	2	65633884	A	G	-0.0014	0.0263	0.9513
rs7595037	2	68647095	C	T	0	0.0235	0.9989
rs10174949	2	8442248	G	A	-0.0089	0.0247	0.7191
rs10178845	2	8443803	G	A	-0.0082	0.0247	0.7396
rs771767	3	101748638	A	G	0.0414	0.029	0.1521
rs1398607	3	101755738	C	A	0.0117	0.027	0.6734
rs10804863	3	101756221	C	T	0.0117	0.027	0.6717
rs9815057	3	108464197	C	T	-0.0575	0.0329	0.08039
rs7609997	3	108567680	G	T	-0.0062	0.0233	0.7939
rs2715729	3	108570072	G	A	-0.0027	0.0229	0.9037
rs11712165	3	119118796	T	G	-0.0439	0.0237	0.06393
rs12494314	3	119122820	T	C	0.0358	0.036	0.3184
rs7650774	3	119205050	T	C	0.0334	0.0362	0.3528
rs4330287	3	119288848	C	A	-0.0172	0.038	0.6369
rs6763931	3	141102833	G	A	0.0098	0.0238	0.6891
rs9846396	3	141140968	C	T	0.0096	0.0238	0.6945
rs1464446	3	146601295	G	T	-0.0031	0.0299	0.9175
rs4513503	3	159502420	T	C	0.0309	0.0246	0.2096
rs7636819	3	159505603	G	T	0.0303	0.0246	0.2174
rs1675497	3	159582382	A	G	0.0338	0.0246	0.1707
rs9811792	3	159696998	C	T	-0.0252	0.0231	0.2658
rs6441286	3	159728878	T	G	-0.0123	0.0235	0.5948
rs10936599	3	169492101	C	T	0.0299	0.0262	0.2545
rs1372072	3	16955259	G	A	-0.0148	0.0236	0.5357
rs12108065	3	17074871	A	G	0.0236	0.0253	0.3502
rs9838060	3	187735916	A	G	0.0943	0.0351	0.007187
rs11710227	3	187753995	A	G	0.0114	0.0233	0.6276
rs9851967	3	188087628	C	T	-0.0277	0.0233	0.2384
rs1559810	3	188124354	C	A	0.0032	0.0232	0.8945
rs6808275	3	188491558	A	G	-0.0348	0.0269	0.1963
rs1385331	3	196351215	C	T	0.0181	0.0231	0.4326
rs6550756	3	23390221	G	A	0.006	0.024	0.8009
rs778462	3	23447659	A	C	-0.007	0.024	0.7698
rs322684	3	25377223	G	A	0	0.0255	0.9988
rs1483831	3	25383666	G	A	-0.0089	0.0258	0.7255
rs3806624	3	27764623	A	G	-0.0577	0.0232	0.01299
rs11129295	3	27788780	C	T	-0.0166	0.0242	0.4912
rs12493245	3	27797810	G	A	-0.0099	0.0254	0.6881
rs669607	3	28071444	A	C	0.0276	0.024	0.2425
rs6773182	3	29378090	A	C	0.0181	0.0235	0.4427
rs6550005	3	30650064	A	G	0.0427	0.0325	0.1902
rs13098911	3	46235201	C	T	0.0104	0.0321	0.7461
rs9858280	3	49597737	T	C	0.0168	0.0234	0.4712
rs3197999	3	49721532	G	A	0.0142	0.0238	0.5472
rs2336725	3	53118739	C	T	-0.03	0.0239	0.2098
rs2253685	3	53119703	G	A	-0.03	0.0239	0.2098
rs2581786	3	53126143	G	A	-0.03	0.0239	0.2106
rs4681679	3	58332068	A	G	0.0033	0.027	0.9168
rs11130638	3	58405947	A	G	-0.0029	0.0271	0.9276
rs9819066	3	71523110	C	T	0.0219	0.0238	0.3576
rs11720523	3	71545170	C	A	-0.0212	0.0239	0.3757
rs13081814	3	95548755	A	G	-0.0013	0.0338	0.9663
rs3774937	4	103434253	T	C	-0.0014	0.0244	0.9611
rs6831973	4	10709366	T	C	-0.0068	0.0237	0.7695
rs13151961	4	123115502	A	G	0.1109	0.0372	0.002898
rs13119723	4	123218313	A	G	0.1286	0.0383	0.0007942
rs2221903	4	123538912	C	T	0.0564	0.0236	0.01675
rs1398553	4	123548068	A	G	0.0554	0.0236	0.01871
rs2611215	4	166574267	A	G	0.0224	0.0278	0.3975
rs10517086	4	26085511	G	A	0.0456	0.0251	0.06947
rs633059	4	38132999	A	G	-0.0265	0.0255	0.2992
rs4833071	4	38582859	T	C	0.0066	0.0268	0.8115
rs1472971	4	48260644	A	G	0.0031	0.0234	0.8937
rs411261	4	48354057	C	T	-0.0446	0.0234	0.05682
rs2177921	4	72531761	A	G	0.0412	0.046	0.3653
rs2457996	4	74856535	C	T	-0.0381	0.0364	0.2869
rs12504282	4	80927001	C	T	-0.029	0.0244	0.2348
rs7662083	4	80933308	G	A	-0.029	0.0244	0.2349
rs7672960	4	91884244	A	G	0.0511	0.025	0.04053
rs386352	5	102615707	G	T	-0.0027	0.0246	0.9172
rs267949	5	10743929	T	C	0.0119	0.028	0.6638
rs10051830	5	110452845	G	A	-0.0015	0.0233	0.9494
rs1457115	5	110567598	C	T	-0.0368	0.0235	0.117
rs1050152	5	131676320	C	T	0.0297	0.0254	0.2386
rs2188962	5	131770805	C	T	0.0268	0.0254	0.2885
rs12521868	5	131784393	G	T	0.026	0.0254	0.3038
rs11745587	5	131796922	G	A	-0.0169	0.0241	0.4788
rs2070729	5	131819921	C	A	-0.0115	0.0233	0.619
rs6871536	5	131969874	T	C	0.0039	0.0268	0.8826
rs2240032	5	131977127	C	T	0.0041	0.0269	0.8773
rs244689	5	133422816	A	G	0.0275	0.0265	0.2982
rs254562	5	134441457	A	G	0.0166	0.0237	0.4841
rs254560	5	134443606	G	A	0.0167	0.0237	0.4815
rs11167764	5	141479065	A	C	0.0164	0.0313	0.5931
rs1062158	5	141523000	C	T	0.0081	0.0242	0.733
rs13189930	5	14727882	C	A	0.0034	0.0327	0.9283
rs251463	5	149196329	G	A	-0.0371	0.0258	0.1518
rs109077	5	149196682	T	G	-0.0323	0.0241	0.1838
rs2241695	5	149602824	C	T	-0.0215	0.024	0.37
rs3822607	5	149611793	G	A	-0.0296	0.0241	0.2195
rs7714584	5	150270420	A	G	0.0238	0.0431	0.5793
rs10036748	5	150458146	C	T	0.0021	0.0262	0.9381
rs17626419	5	153582737	A	G	-0.0089	0.0363	0.8396
rs394378	5	156612088	T	C	0.0161	0.0385	0.677
rs2546890	5	158759900	A	G	0.0088	0.0234	0.7057
rs6556412	5	158787385	G	A	0.0017	0.0251	0.9497
rs1422878	5	158839217	C	T	0.0344	0.0248	0.1656
rs2431697	5	159879978	T	C	-0.0127	0.0239	0.6054
rs2431099	5	159886620	A	G	-0.0061	0.0234	0.7918
rs4702149	5	16504763	T	C	-0.038	0.0432	0.4814
rs883242	5	168235180	C	A	0.0371	0.0234	0.1131
rs6872201	5	176720766	A	G	-0.0323	0.0234	0.1633
rs2967087	5	33261251	A	C	0.039	0.0391	0.3281
rs268763	5	33305739	T	C	0.0345	0.038	0.371
rs11742240	5	35881376	G	T	-0.0344	0.0248	0.1659
rs860413	5	35943042	A	C	-0.0152	0.0249	0.5401
rs1993879	5	35952140	C	T	-0.0075	0.0248	0.7619
rs395157	5	38867732	C	T	0.0042	0.0234	0.8605
rs1020360	5	40258578	C	T	-0.022	0.0402	0.5845
rs1373692	5	40431183	A	C	-0.0138	0.0233	0.5566
rs1445001	5	40431664	A	G	-0.0138	0.0233	0.5574
rs17785206	5	5373748	T	C	-0.1121	0.0443	0.01106
rs13328207	5	55567087	G	A	-0.0378	0.0405	0.3474
rs6555357	5	560923	A	G	0.0166	0.0336	0.6124
rs4957048	5	583442	G	A	0.0113	0.0333	0.7281
rs3749615	5	601485	C	T	0.0335	0.0342	0.3211
rs12517345	5	628294	G	A	0.0293	0.0341	0.3824
rs2549782	5	96231000	G	T	-0.002	0.0234	0.9338
rs2549796	5	96245343	C	T	-0.002	0.0234	0.9338
rs3886512	5	98451450	A	G	0.0049	0.0234	0.8336
rs6903235	6	106511888	G	A	-0.0483	0.0258	0.06121
rs6568431	6	106588806	A	C	0.0023	0.0232	0.9216
rs465969	6	111655530	G	A	-0.0519	0.0442	0.2419
rs4946191	6	117080851	C	T	0.0016	0.025	0.9497
rs1490388	6	126835655	C	T	-0.001	0.0237	0.9689
rs9491699	6	127471533	C	T	0.0062	0.0231	0.7893
rs13204742	6	128245765	G	T	-0.0202	0.0351	0.5621
rs11154801	6	135739355	C	A	0.0405	0.0248	0.1055
rs17066096	6	137452908	A	G	-0.0597	0.0298	0.04561
rs13192841	6	137967214	G	A	0.0013	0.0282	0.9601
rs602414	6	138011665	G	T	-0.0181	0.0245	0.4587
rs670369	6	138147048	C	T	-0.0352	0.0306	0.2477
rs6925099	6	139438008	T	C	0.028	0.0237	0.2431
rs6925306	6	139438117	T	G	0.028	0.0237	0.2431
rs1738074	6	159465977	T	C	0.0636	0.0238	0.007531
rs654690	6	159514778	T	C	0.0295	0.027	0.2739
rs9366078	6	167399512	A	G	0.0237	0.0241	0.3412
rs2301436	6	167437988	C	T	0.0049	0.0237	0.8298
rs1855025	6	167537594	A	G	1e-04	0.0238	0.9966
rs11242807	6	2906147	G	A	0.0052	0.0291	0.8688
rs6454802	6	90814199	C	T	-0.0389	0.0257	0.1312
rs4707609	6	90946479	T	C	0.0015	0.0263	0.9658
rs3757247	6	90957463	C	T	0.016	0.0243	0.5092
rs12212193	6	90996769	A	G	-0.015	0.0246	0.5401
rs2108225	7	107453103	G	A	-0.0089	0.0233	0.7052
rs4380874	7	107480315	T	C	0.0394	0.0239	0.1014
rs17574506	7	11625652	C	T	0.0278	0.024	0.2518
rs38904	7	116892846	T	C	-5e-04	0.024	0.9832
rs2966604	7	12072864	C	T	-0.0431	0.025	0.08498
rs759372	7	12074909	G	A	-0.0438	0.025	0.08044
rs4728142	7	128573967	G	A	0.0697	0.0234	0.002905
rs10488631	7	128594183	T	C	0.1153	0.0323	0.0003621
rs12531711	7	128617466	A	G	0.1153	0.0323	0.0003621
rs11763166	7	131852910	G	A	0.0495	0.0234	0.03453
rs6967574	7	132560155	C	T	-0.0027	0.0251	0.8955
rs6962471	7	132616793	G	A	-0.0015	0.0257	0.9536
rs10808024	7	139763994	G	A	0.0073	0.0266	0.785
rs4291186	7	147919196	C	A	-0.0295	0.0355	0.4154
rs243519	7	148423624	G	A	-0.0217	0.0239	0.3603
rs243511	7	148430148	A	C	-0.0202	0.0239	0.3931
rs2107348	7	26155514	A	G	-0.0095	0.0296	0.7478
rs10228276	7	27247279	G	A	-0.0105	0.0292	0.7221
rs798497	7	2795957	A	G	0.0259	0.0242	0.2836
rs917117	7	28176305	G	A	-0.0454	0.0313	0.1458
rs1182188	7	2869985	T	C	0.0285	0.0241	0.2364
rs1182179	7	2873648	A	G	0.0263	0.0241	0.2752
rs11984075	7	37436854	A	G	0.0608	0.035	0.08498
rs865860	7	42121553	A	G	-0.0227	0.0235	0.3351
rs1456896	7	50304461	C	T	-0.0074	0.0263	0.7846
rs11980379	7	50469981	T	C	-0.0196	0.0247	0.4263
rs4132601	7	50470604	T	G	-0.0196	0.0247	0.4263
rs10272724	7	50477213	T	C	-0.0191	0.0248	0.4392
rs6460055	7	73187517	T	C	0.0025	0.0246	0.9136
rs13232536	7	73219508	A	G	2e-04	0.0249	0.9959
rs10486847	7	84674997	G	A	-0.0403	0.0293	0.1656
rs8179	7	92236164	T	C	-0.0215	0.0284	0.4472
rs979891	8	102457286	A	G	0.0226	0.0292	0.4485
rs13276836	8	10981003	A	C	0.0321	0.0235	0.1733
rs13277113	8	11349186	G	A	-0.0458	0.026	0.0788
rs2447154	8	120382592	G	A	-0.0394	0.0351	0.2459
rs1551398	8	126540051	G	A	0.0243	0.0255	0.3402
rs4410871	8	128815029	T	C	0.0343	0.026	0.189
rs1529335	8	129016347	C	T	0.001	0.0318	0.9777
rs16903097	8	129556356	T	G	0.0067	0.0371	0.8567
rs853308	8	133929917	C	T	-0.0123	0.0233	0.5967
rs7005834	8	134214204	C	T	0.0134	0.0263	0.6151
rs2299603	8	17882483	C	T	-0.0021	0.0362	0.9737
rs6984124	8	79394667	T	G	-0.0162	0.0248	0.5145
rs998731	8	81095395	C	T	0.0162	0.0237	0.4919
rs7814057	8	81126925	A	C	0.0075	0.0239	0.7599
rs6473225	8	81281007	G	A	0.0168	0.0244	0.4917
rs6473226	8	81285759	T	C	0.0182	0.0244	0.456
rs952559	8	81288634	A	G	0.0143	0.0249	0.5642
rs3827806	8	8724276	C	T	-0.0215	0.0233	0.356
rs435581	8	9029413	A	G	-0.0369	0.0241	0.1215
rs893225	8	96978748	G	A	-0.0023	0.0347	0.9512
rs4743322	9	101835165	C	A	0.0272	0.032	0.3878
rs4574921	9	117538334	C	T	-0.0176	0.031	0.5685
rs6478109	9	117568766	A	G	-0.0064	0.0255	0.802
rs3761847	9	123690239	G	A	0.0389	0.0233	0.09376
rs912355	9	127090966	T	C	-2e-04	0.0244	0.9949
rs4077515	9	139266496	C	T	-0.028	0.0235	0.2311
rs10781500	9	139269338	C	T	-0.0295	0.0235	0.2083
rs4266763	9	139289825	A	G	-0.0262	0.0237	0.2706
rs10810365	9	1532437	C	T	-0.0025	0.0241	0.9095
rs2760404	9	1533526	A	G	-6e-04	0.0241	0.972
rs109156	9	23579481	A	G	-0.0197	0.0242	0.4174
rs11574914	9	34710338	G	A	0.0088	0.0266	0.7467
rs7041847	9	4287466	A	G	-0.0191	0.0233	0.4192
rs10814916	9	4293150	A	C	-0.0113	0.0233	0.6228
rs12347727	9	5000811	A	G	0.0129	0.0246	0.601
rs822339	9	5453172	A	G	0.0241	0.0266	0.3729
rs2282055	9	5455732	T	G	-0.0131	0.0263	0.6279
rs10124250	9	6161686	C	T	-0.014	0.0239	0.5582
rs10119713	9	6163823	G	A	-0.0148	0.0239	0.5385
rs10908921	9	92321289	A	G	-0.0113	0.0252	0.6548
rs290986	9	93563536	A	G	-0.0177	0.0265	0.5026
